{
  "loss": 1.3909906148910522,
  "accuracy": 0.8859553337097168,
  "val_loss": 5.530706882476807,
  "val_accuracy": 0.6428571343421936,
  "epoch": 0,
  "global_step": 115
}