{
  "loss": 1.2424129247665405,
  "accuracy": 0.4575599133968353,
  "val_loss": 1.5183638334274292,
  "val_accuracy": 0.2735042870044708,
  "epoch": 1,
  "global_step": 112
}