{
  "loss": 0.042802296578884125,
  "accuracy": 0.9989434480667114,
  "val_loss": 0.0,
  "val_accuracy": 1.0,
  "epoch": 0,
  "global_step": 60
}