{
  "loss": 0.6741870045661926,
  "accuracy": 0.9434234499931335,
  "val_loss": 5.472901344299316,
  "val_accuracy": 0.7606837749481201,
  "epoch": 0,
  "global_step": 174
}