{
  "loss": 3.4047317504882812,
  "accuracy": 0.49909910559654236,
  "val_loss": 1.5597730875015259,
  "val_accuracy": 0.25641027092933655,
  "epoch": 0,
  "global_step": 56
}