{
  "loss": 0.5832306146621704,
  "accuracy": 0.8715083599090576,
  "val_loss": 0.9300794005393982,
  "val_accuracy": 0.7350427508354187,
  "epoch": 6,
  "global_step": 392
}