{
  "loss": 0.5965105295181274,
  "accuracy": 0.7577571868896484,
  "val_loss": 0.9088771343231201,
  "val_accuracy": 0.5857142806053162,
  "epoch": 3,
  "global_step": 148
}