{
  "loss": 2.530000925064087,
  "accuracy": 0.3103165626525879,
  "val_loss": 2.4783263206481934,
  "val_accuracy": 0.10000000149011612,
  "epoch": 0,
  "global_step": 611
}