{
  "loss": 0.834721565246582,
  "accuracy": 0.9661261439323425,
  "val_loss": 7.850031852722168,
  "val_accuracy": 0.7179487347602844,
  "epoch": 1,
  "global_step": 348
}