{
  "loss": 0.5679684281349182,
  "accuracy": 0.9194449186325073,
  "val_loss": 1.2872990369796753,
  "val_accuracy": 0.7094017267227173,
  "epoch": 0,
  "global_step": 56
}