{
  "loss": 0.12040585279464722,
  "accuracy": 0.9807172417640686,
  "val_loss": 0.5961588621139526,
  "val_accuracy": 0.8376068472862244,
  "epoch": 9,
  "global_step": 560
}