{
  "loss": 0.5518175959587097,
  "accuracy": 0.8557844758033752,
  "val_loss": 0.21908318996429443,
  "val_accuracy": 0.9375,
  "epoch": 6,
  "global_step": 133
}