{
  "loss": 0.46483227610588074,
  "accuracy": 0.9252117276191711,
  "val_loss": 0.8728442788124084,
  "val_accuracy": 0.7350427508354187,
  "epoch": 7,
  "global_step": 448
}