{
  "loss": 0.32133811712265015,
  "accuracy": 0.9612612724304199,
  "val_loss": 3.1811678409576416,
  "val_accuracy": 0.7692307829856873,
  "epoch": 1,
  "global_step": 348
}