{
  "loss": 0.1856047362089157,
  "accuracy": 0.9877477288246155,
  "val_loss": 6.505360126495361,
  "val_accuracy": 0.811965823173523,
  "epoch": 2,
  "global_step": 522
}