{
  "loss": 0.11240965127944946,
  "accuracy": 0.9774734377861023,
  "val_loss": 0.5869843363761902,
  "val_accuracy": 0.8376068472862244,
  "epoch": 1,
  "global_step": 112
}