{
  "loss": 0.4259386360645294,
  "accuracy": 0.8195427060127258,
  "val_loss": 1.038634181022644,
  "val_accuracy": 0.6142857074737549,
  "epoch": 2,
  "global_step": 111
}