{
  "loss": 0.12384430319070816,
  "accuracy": 0.9873873591423035,
  "val_loss": 5.525634765625,
  "val_accuracy": 0.7692307829856873,
  "epoch": 1,
  "global_step": 348
}