{
  "loss": 0.26211169362068176,
  "accuracy": 0.977837860584259,
  "val_loss": 4.743933200836182,
  "val_accuracy": 0.7948718070983887,
  "epoch": 1,
  "global_step": 348
}