{
  "loss": 0.3941756784915924,
  "accuracy": 0.8404648900032043,
  "val_loss": 0.21381859481334686,
  "val_accuracy": 0.875,
  "epoch": 2,
  "global_step": 57
}