{
  "loss": 0.14950062334537506,
  "accuracy": 0.9891719818115234,
  "val_loss": 4.367797374725342,
  "val_accuracy": 0.7857142686843872,
  "epoch": 2,
  "global_step": 297
}