{
  "loss": 0.008015262894332409,
  "accuracy": 0.9989969730377197,
  "val_loss": 21.162748336791992,
  "val_accuracy": 0.6153846383094788,
  "epoch": 5,
  "global_step": 120
}