{
  "loss": 0.3730737566947937,
  "accuracy": 0.9197060465812683,
  "val_loss": 1.2929757833480835,
  "val_accuracy": 0.44285714626312256,
  "epoch": 1,
  "global_step": 74
}