{
  "loss": 0.8163836598396301,
  "accuracy": 0.9396396279335022,
  "val_loss": 4.512396812438965,
  "val_accuracy": 0.7863247990608215,
  "epoch": 0,
  "global_step": 174
}