{
  "loss": 1.719376802444458,
  "accuracy": 0.4751351475715637,
  "val_loss": 1.6143743991851807,
  "val_accuracy": 0.23076923191547394,
  "epoch": 1,
  "global_step": 112
}