{
  "loss": 0.47961118817329407,
  "accuracy": 0.8114104866981506,
  "val_loss": 0.1872432827949524,
  "val_accuracy": 0.9166666865348816,
  "epoch": 2,
  "global_step": 57
}