{
  "loss": 0.1535068303346634,
  "accuracy": 0.9881080985069275,
  "val_loss": 6.8154096603393555,
  "val_accuracy": 0.752136766910553,
  "epoch": 0,
  "global_step": 174
}