{
  "loss": 25.828907012939453,
  "accuracy": 0.843106210231781,
  "val_loss": 0.0,
  "val_accuracy": 1.0,
  "epoch": 0,
  "global_step": 19
}