{
  "loss": 1.8090542554855347,
  "accuracy": 0.5279279351234436,
  "val_loss": 1.5583643913269043,
  "val_accuracy": 0.34188035130500793,
  "epoch": 0,
  "global_step": 56
}