{
  "loss": 0.2771487534046173,
  "accuracy": 0.976621687412262,
  "val_loss": 9.530637741088867,
  "val_accuracy": 0.6000000238418579,
  "epoch": 2,
  "global_step": 285
}