{
  "loss": 0.09186321496963501,
  "accuracy": 0.981978714466095,
  "val_loss": 0.5496503114700317,
  "val_accuracy": 0.811965823173523,
  "epoch": 14,
  "global_step": 840
}