{
  "loss": 0.2801608741283417,
  "accuracy": 0.9810357689857483,
  "val_loss": 6.419919013977051,
  "val_accuracy": 0.7560975551605225,
  "epoch": 1,
  "global_step": 258
}