{
  "loss": 0.36552417278289795,
  "accuracy": 0.8520866632461548,
  "val_loss": 0.1638638973236084,
  "val_accuracy": 0.9166666865348816,
  "epoch": 0,
  "global_step": 19
}